from;to;kommentar;tonalität;zeit;folge;thema;;;;;;;;;;;;
BB;JH;4;2;238;2;3;;;;;;;;;;;;
CDU;JH;1;1;238;2;3;;;;;;;;;;;;
SPD;AOE;1;1;238;2;3;;;;;;;;;;;;
LINKE;AOE;2;2;238;2;3;;;;;;;;;;;;
LINKE;AOE;2;2;238;2;3;;;;;;;;;;;;
SPD;AOE;1;1;238;2;3;;;;;;;;;;;;
AGL;AOE;2;2;238;1;3;;;;;;;;;;;;
SPD;AOE;1;1;238;2;3;;;;;;;;;;;;
SPD;AOE;1;1;238;2;3;;;;;;;;;;;;
CH;AOE;2;4;238;2;3;;;;;;;;;;;;
SPD;AOE;1;1;238;2;3;;;;;;;;;;;;
DD;AOE;6;2;238;2;3;;;;;;;;;;;;
SPD;AOE;1;1;238;2;3;;;;;;;;;;;;
CDU;AOE;1;1;238;2;3;;;;;;;;;;;;
LINKE;DD;1;1;238;2;3;;;;;;;;;;;;
LINKE;AOE;3;2;238;2;3;;;;;;;;;;;;
LINKE;AOE;2;2;238;2;3;;;;;;;;;;;;
LINKE;AOE;2;2;238;2;3;;;;;;;;;;;;
SPD;AOE;1;1;238;2;3;;;;;;;;;;;;
CDU;AOE;1;1;238;2;3;;;;;;;;;;;;
AFD;APH;1;1;238;2;3;;;;;;;;;;;;
AFD;APH;1;1;238;2;3;;;;;;;;;;;;
AFD;APH;1;1;238;2;3;;;;;;;;;;;;
AFD;APH;1;1;238;2;3;;;;;;;;;;;;
SPD;APH;2;2;238;2;3;;;;;;;;;;;;
AGL;APH;6;2;238;2;3;;;;;;;;;;;;
AG;APH;1;1;238;2;3;;;;;;;;;;;;
AFD;APH;1;1;238;2;3;;;;;;;;;;;;
AFD;APH;1;1;238;2;3;;;;;;;;;;;;
AGL;APH;6;2;238;1;3;;;;;;;;;;;;
JK;AGL;7;2;238;1;3;;;;;;;;;;;;
AGL;JK;7;2;238;1;3;;;;;;;;;;;;
JK;AGL;7;2;238;1;3;;;;;;;;;;;;
AGL;JK;7;2;238;2;3;;;;;;;;;;;;
CDU;NR;1;1;238;2;3;;;;;;;;;;;;
CDU;NR;1;1;238;2;3;;;;;;;;;;;;
SPD;NR;1;1;238;2;3;;;;;;;;;;;;
FDP;NR;1;1;238;2;3;;;;;;;;;;;;
APH;NR;6;2;238;2;3;;;;;;;;;;;;
CDU;NR;1;1;238;2;3;;;;;;;;;;;;
BB;NR;6;2;238;2;3;;;;;;;;;;;;
AFD;NR;1;2;238;2;3;;;;;;;;;;;;
AFD;NR;8;2;238;2;3;;;;;;;;;;;;
CDU;NR;1;1;238;2;3;;;;;;;;;;;;
GRÜNE;ON;1;1;238;2;3;;;;;;;;;;;;
BH;NR;6;3;238;2;3;;;;;;;;;;;;
AB;NR;6;2;238;2;3;;;;;;;;;;;;
CDU;NR;1;1;238;2;3;;;;;;;;;;;;
CDU;NR;1;1;238;2;3;;;;;;;;;;;;
ON;NR;2;4;238;2;3;;;;;;;;;;;;
APH;NR;6;2;238;2;3;;;;;;;;;;;;
CDU;NR;1;1;238;2;3;;;;;;;;;;;;
SPD;NR;1;1;238;2;3;;;;;;;;;;;;
CDU;NR;1;1;238;2;3;;;;;;;;;;;;
DD;NR;6;2;238;2;3;;;;;;;;;;;;
AFD;NR;4;2;238;2;3;;;;;;;;;;;;
CDU;NR;1;1;238;2;3;;;;;;;;;;;;
CDU;NR;1;1;238;2;3;;;;;;;;;;;;
LINKE;MB;1;1;238;2;3;;;;;;;;;;;;
LINKE;MB;1;1;238;2;3;;;;;;;;;;;;
DD;MB;6;1;238;2;3;;;;;;;;;;;;
LINKE;MB;1;1;238;2;3;;;;;;;;;;;;
LINKE;MB;1;1;238;2;3;;;;;;;;;;;;
LINKE;MB;1;1;238;2;3;;;;;;;;;;;;
GRÜNE;MB;1;1;238;2;3;;;;;;;;;;;;
CDU;RB;1;1;238;2;3;;;;;;;;;;;;
DD;RB;6;2;238;2;3;;;;;;;;;;;;
CDU;RB;1;1;238;2;3;;;;;;;;;;;;
CDU;RB;1;1;238;2;3;;;;;;;;;;;;
AFD;RB;2;4;238;2;3;;;;;;;;;;;;
CDU;RB;1;1;238;2;3;;;;;;;;;;;;
MASZ;RB;6;2;238;2;3;;;;;;;;;;;;
AFD;RB;2;4;238;2;3;;;;;;;;;;;;
CDU;RB;1;1;238;2;3;;;;;;;;;;;;
CDU;RB;1;1;238;2;3;;;;;;;;;;;;
SPD;RB;2;4;238;2;3;;;;;;;;;;;;
LINKE;RB;2;2;238;2;3;;;;;;;;;;;;
AD;RB;6;1;238;2;3;;;;;;;;;;;;
MR;RB;2;4;238;2;3;;;;;;;;;;;;
LINKE;RB;2;2;238;2;3;;;;;;;;;;;;
CDU;RB;1;1;238;2;3;;;;;;;;;;;;
AD;RB;6;1;238;2;3;;;;;;;;;;;;
CDU;RB;1;1;238;2;3;;;;;;;;;;;;
AD;RB;6;1;238;2;3;;;;;;;;;;;;
LINKE;RB;2;2;238;2;3;;;;;;;;;;;;
MR;RB;4;2;238;1;3;;;;;;;;;;;;
MASZ;RB;6;2;238;1;3;;;;;;;;;;;;
CDU;JK;3;2;238;2;3;;;;;;;;;;;;
AGL;JK;6;2;238;2;3;;;;;;;;;;;;
LINKE;JK;1;1;238;2;3;;;;;;;;;;;;
AG;JK;6;1;238;1;3;;;;;;;;;;;;
AGL;JK;6;4;238;1;3;;;;;;;;;;;;
MASZ;JK;6;4;238;1;3;;;;;;;;;;;;
AFD;RB;2;4;238;2;3;;;;;;;;;;;;
CDU;RB;1;1;238;2;3;;;;;;;;;;;;
FDP;RB;1;1;238;2;3;;;;;;;;;;;;
CDU;RB;1;1;238;2;3;;;;;;;;;;;;
GRÜNE;RB;2;4;238;2;3;;;;;;;;;;;;
CDU;RB;1;1;238;2;3;;;;;;;;;;;;
SPD;SM;1;1;238;2;3;;;;;;;;;;;;
AGL;SM;6;1;238;2;3;;;;;;;;;;;;
SPD;SM;1;1;238;2;3;;;;;;;;;;;;
CDU;SM;1;1;238;2;3;;;;;;;;;;;;
FDP;SM;1;1;238;2;3;;;;;;;;;;;;
SPD;SM;1;1;238;2;3;;;;;;;;;;;;
CDU;SM;1;1;238;2;3;;;;;;;;;;;;
FDP;SM;1;1;238;2;3;;;;;;;;;;;;
SPD;SM;1;1;238;2;3;;;;;;;;;;;;
CDU;SM;1;1;238;2;3;;;;;;;;;;;;
FDP;SM;1;1;238;2;3;;;;;;;;;;;;
SPD;SM;1;1;238;2;3;;;;;;;;;;;;
CDU;SM;1;1;238;2;3;;;;;;;;;;;;
FDP;SM;1;1;238;2;3;;;;;;;;;;;;
CDU;HO;1;1;238;2;3;;;;;;;;;;;;
CDU;HO;1;1;238;2;3;;;;;;;;;;;;
CDU;HO;1;1;238;2;3;;;;;;;;;;;;
DD;HO;2;4;238;2;3;;;;;;;;;;;;
CDU;HO;1;1;238;2;3;;;;;;;;;;;;
JK;HO;6;2;238;2;3;;;;;;;;;;;;
CDU;HO;1;1;238;2;3;;;;;;;;;;;;
BH;HO;6;2;238;2;3;;;;;;;;;;;;
KAL;HO;1;1;238;2;3;;;;;;;;;;;;
BB;HO;6;2;238;2;3;;;;;;;;;;;;
CDU;HO;1;1;238;2;3;;;;;;;;;;;;
CDU;HO;1;1;238;2;3;;;;;;;;;;;;
GRÜNE;PP;6;3;238;2;3;;;;;;;;;;;;
MR;PP;6;2;238;1;3;;;;;;;;;;;;
LINKE;PP;8;2;238;1;3;;;;;;;;;;;;
SPD;PP;1;1;238;2;3;;;;;;;;;;;;
SPD;OS;1;1;238;2;12;;;;;;;;;;;;
SPD;OS;1;1;238;2;12;;;;;;;;;;;;
CDU;OS;1;1;238;2;12;;;;;;;;;;;;
LINKE;OS;1;1;238;2;12;;;;;;;;;;;;
SPD;OS;1;1;238;2;12;;;;;;;;;;;;
CDU;OS;1;1;238;2;12;;;;;;;;;;;;
LINKE;OS;1;1;238;2;12;;;;;;;;;;;;
TE;OS;6;2;238;2;12;;;;;;;;;;;;
LINKE;OS;1;1;238;2;12;;;;;;;;;;;;
SPD;OS;1;1;238;2;12;;;;;;;;;;;;
TE;OS;6;2;238;2;12;;;;;;;;;;;;
SPD;OS;1;1;238;2;12;;;;;;;;;;;;
PB;OS;6;5;238;2;12;;;;;;;;;;;;
SPD;OS;1;1;238;2;12;;;;;;;;;;;;
SPD;OS;1;1;238;2;12;;;;;;;;;;;;
SPD;OS;1;1;238;2;12;;;;;;;;;;;;
KAL;OS;1;1;238;2;12;;;;;;;;;;;;
SPD;OS;1;1;238;2;12;;;;;;;;;;;;
CDU;OS;1;1;238;2;12;;;;;;;;;;;;
AFD;AW;1;1;238;2;12;;;;;;;;;;;;
AFD;AW;1;1;238;2;12;;;;;;;;;;;;
AFD;AW;1;1;238;2;12;;;;;;;;;;;;
UN;AW;2;4;238;2;12;;;;;;;;;;;;
AFD;AW;1;1;238;2;12;;;;;;;;;;;;
AFD;AW;1;1;238;2;12;;;;;;;;;;;;
CDU;AW;2;2;238;2;12;;;;;;;;;;;;
AFD;AW;1;1;238;2;12;;;;;;;;;;;;
AFD;AW;1;1;238;2;12;;;;;;;;;;;;
AFD;AW;1;1;238;2;12;;;;;;;;;;;;
MR;AW;2;4;238;2;12;;;;;;;;;;;;
AFD;AW;1;1;238;2;12;;;;;;;;;;;;
AFD;AW;1;1;238;2;12;;;;;;;;;;;;
SPD;AW;2;4;238;2;12;;;;;;;;;;;;
CDU;PP;1;1;238;2;12;;;;;;;;;;;;
CDU;AL;1;1;238;2;12;;;;;;;;;;;;
SPD;AL;1;1;238;2;12;;;;;;;;;;;;
CDU;AL;1;1;238;2;12;;;;;;;;;;;;
DB;AL;6;3;238;1;12;;;;;;;;;;;;
CDU;AL;1;1;238;2;12;;;;;;;;;;;;
SPD;AL;1;1;238;2;12;;;;;;;;;;;;
CDU;AL;1;1;238;2;12;;;;;;;;;;;;
SPD;AL;1;1;238;2;12;;;;;;;;;;;;
FDP;AL;1;1;238;2;12;;;;;;;;;;;;
GRÜNE;AL;1;1;238;2;12;;;;;;;;;;;;
AG;AL;6;2;238;1;12;;;;;;;;;;;;
TC;AL;6;2;238;1;12;;;;;;;;;;;;
AFD;AL;2;2;238;1;12;;;;;;;;;;;;
AW;AL;2;4;238;1;12;;;;;;;;;;;;
CDU;AL;1;1;238;2;12;;;;;;;;;;;;
SPD;AL;1;1;238;2;12;;;;;;;;;;;;
FDP;AL;1;1;238;2;12;;;;;;;;;;;;
GRÜNE;AL;1;1;238;2;12;;;;;;;;;;;;
KG;AL;4;3;238;1;12;;;;;;;;;;;;
CDU;AL;1;1;238;2;12;;;;;;;;;;;;
SPD;AL;1;1;238;2;12;;;;;;;;;;;;
FDP;AL;1;1;238;2;12;;;;;;;;;;;;
KG;AL;6;2;238;2;12;;;;;;;;;;;;
BB;AL;6;2;238;2;12;;;;;;;;;;;;
CDU;AL;1;1;238;2;12;;;;;;;;;;;;
FDP;AL;1;1;238;2;12;;;;;;;;;;;;
KG;AL;4;5;238;2;12;;;;;;;;;;;;
CDU;AL;1;1;238;2;12;;;;;;;;;;;;
SPD;AL;1;1;238;2;12;;;;;;;;;;;;
FDP;AL;1;1;238;2;12;;;;;;;;;;;;
AFD;AL;3;2;238;1;12;;;;;;;;;;;;
UW;AL;6;2;238;2;12;;;;;;;;;;;;
CDU;AL;1;1;238;2;12;;;;;;;;;;;;
AG;AL;6;2;238;2;12;;;;;;;;;;;;
CDU;AL;1;1;238;2;12;;;;;;;;;;;;
FDP;AL;1;1;238;2;12;;;;;;;;;;;;
CDU;AL;1;1;238;2;12;;;;;;;;;;;;
FDP;AL;1;1;238;2;12;;;;;;;;;;;;
CDU;AL;1;1;238;2;12;;;;;;;;;;;;
FDP;AL;1;1;238;2;12;;;;;;;;;;;;
BH;AL;4;5;238;2;12;;;;;;;;;;;;
BH;AL;6;2;238;1;12;;;;;;;;;;;;
BH;AL;6;3;238;1;12;;;;;;;;;;;;
CDU;AL;1;1;238;2;12;;;;;;;;;;;;
FDP;AL;1;1;238;2;12;;;;;;;;;;;;
BH;AL;6;3;238;2;12;;;;;;;;;;;;
BH;AL;6;2;238;2;12;;;;;;;;;;;;
BH;AL;6;2;238;2;12;;;;;;;;;;;;
BH;AL;6;2;238;2;12;;;;;;;;;;;;
CDU;AL;1;1;238;2;12;;;;;;;;;;;;
AG;AL;6;2;238;2;12;;;;;;;;;;;;
AFD;KG;1;1;238;2;12;;;;;;;;;;;;
AFD;AL;8;5;238;2;12;;;;;;;;;;;;
AW;AL;6;2;238;1;12;;;;;;;;;;;;
CDU;AL;1;1;238;2;12;;;;;;;;;;;;
FDP;AL;1;1;238;2;12;;;;;;;;;;;;
CDU;AL;8;1;238;2;12;;;;;;;;;;;;
FDP;AL;8;1;238;2;12;;;;;;;;;;;;
AFD;AL;2;2;238;1;12;;;;;;;;;;;;
AW;AL;4;2;238;2;12;;;;;;;;;;;;
CDU;AL;1;1;238;2;12;;;;;;;;;;;;
FDP;PP;1;1;238;2;12;;;;;;;;;;;;
CDU;CD;1;1;238;2;12;;;;;;;;;;;;
SPD;CD;1;1;238;2;12;;;;;;;;;;;;
FDP;CD;1;1;238;2;12;;;;;;;;;;;;
LINKE;CD;1;1;238;2;12;;;;;;;;;;;;
GRÜNE;CD;1;1;238;2;12;;;;;;;;;;;;
OF;CD;6;3;238;2;12;;;;;;;;;;;;
FDP;CD;1;1;238;2;12;;;;;;;;;;;;
BH;CD;6;2;238;2;12;;;;;;;;;;;;
FDP;CD;1;1;238;2;12;;;;;;;;;;;;
FDP;CD;1;1;238;2;12;;;;;;;;;;;;
LINKE;GL;1;1;238;2;12;;;;;;;;;;;;
LINKE;GL;1;1;238;2;12;;;;;;;;;;;;
LINKE;GL;1;1;238;2;12;;;;;;;;;;;;
LINKE;GL;1;1;238;2;12;;;;;;;;;;;;
LINKE;GL;1;1;238;2;12;;;;;;;;;;;;
LINKE;GL;1;1;238;2;12;;;;;;;;;;;;
LINKE;GL;1;1;238;2;12;;;;;;;;;;;;
LINKE;GL;1;1;238;2;12;;;;;;;;;;;;
LINKE;GL;1;1;238;2;12;;;;;;;;;;;;
LINKE;GL;1;1;238;2;12;;;;;;;;;;;;
LINKE;GL;1;1;238;2;12;;;;;;;;;;;;
LINKE;GL;1;1;238;2;12;;;;;;;;;;;;
RBH;GL;6;2;238;2;12;;;;;;;;;;;;
CD;GL;6;2;238;2;12;;;;;;;;;;;;
LINKE;GL;1;1;238;2;12;;;;;;;;;;;;
CD;GL;6;2;238;2;12;;;;;;;;;;;;
CDU;WS;1;1;238;2;7;;;;;;;;;;;;
SPD;WS;1;1;238;2;7;;;;;;;;;;;;
FDP;WS;1;1;238;2;7;;;;;;;;;;;;
GRUENE;WS;1;1;238;2;7;;;;;;;;;;;;
AFD;WS;1;1;238;2;7;;;;;;;;;;;;
CDU;WS;1;1;238;2;14;;;;;;;;;;;;
SPD;WS;1;1;238;2;14;;;;;;;;;;;;
CDU;AM;1;1;238;2;7;;;;;;;;;;;;
SPD;AM;1;1;238;2;7;;;;;;;;;;;;
FDP;AM;1;1;238;2;7;;;;;;;;;;;;
GRUENE;AM;1;1;238;2;7;;;;;;;;;;;;
AFD;AM;1;1;238;2;7;;;;;;;;;;;;
LINKE;AM;1;1;238;2;7;;;;;;;;;;;;
CDU;AM;1;1;238;2;7;;;;;;;;;;;;
SPD;AM;1;1;238;2;7;;;;;;;;;;;;
CDU;AM;1;1;238;2;7;;;;;;;;;;;;
SPD;AM;1;1;238;2;7;;;;;;;;;;;;
CDU;AM;1;1;238;2;7;;;;;;;;;;;;
SPD;AM;1;1;238;2;7;;;;;;;;;;;;
FDP;AM;1;1;238;2;7;;;;;;;;;;;;
GRUENE;AM;1;1;238;2;7;;;;;;;;;;;;
HH;AM;6;2;238;2;7;;;;;;;;;;;;
VM;AM;6;2;238;2;7;;;;;;;;;;;;
APH;AM;6;3;238;2;7;;;;;;;;;;;;
LINKEN;AM;2;3;238;2;7;;;;;;;;;;;;
APH;AM;6;2;238;2;7;;;;;;;;;;;;
HH;AM;6;3;238;2;3;;;;;;;;;;;;
HH;AM;6;2;238;2;7;;;;;;;;;;;;
LINKE;AM;2;1;238;2;7;;;;;;;;;;;;
CDU;AM;1;1;238;2;14;;;;;;;;;;;;
SPD;AM;1;1;238;2;14;;;;;;;;;;;;
AFD;WS;1;1;238;99;99;;;;;;;;;;;;
AFD;AG;1;1;238;2;7;;;;;;;;;;;;
CDU;AG;2;2;238;2;7;;;;;;;;;;;;
MR;AG;6;2;238;2;7;;;;;;;;;;;;
CDU;AG;2;2;238;2;7;;;;;;;;;;;;
SPD;AG;2;2;238;2;7;;;;;;;;;;;;
AFD;AG;1;1;238;2;7;;;;;;;;;;;;
CR;AG;2;2;238;2;7;;;;;;;;;;;;
AFD;AG;1;1;238;2;7;;;;;;;;;;;;
AFD;AG;1;1;238;2;7;;;;;;;;;;;;
CR;AG;2;2;238;2;7;;;;;;;;;;;;
AFD;AG;1;1;238;2;7;;;;;;;;;;;;
UN;AG;2;2;238;2;7;;;;;;;;;;;;
MR;AG;2;2;238;2;7;;;;;;;;;;;;
AFD;AG;1;1;238;2;7;;;;;;;;;;;;
AFD;AG;1;1;238;2;7;;;;;;;;;;;;
AFD;AG;1;1;238;2;7;;;;;;;;;;;;
UW;AG;1;1;238;2;7;;;;;;;;;;;;
AFD;AG;1;1;238;2;7;;;;;;;;;;;;
CR;AG;6;2;238;2;7;;;;;;;;;;;;
AFD;AG;1;1;238;2;14;;;;;;;;;;;;
SPD;AG;2;2;238;2;14;;;;;;;;;;;;
GRUENE;AG;2;2;238;2;14;;;;;;;;;;;;
SPD;WS;1;1;238;99;99;;;;;;;;;;;;
BB;RM;6;2;238;2;7;;;;;;;;;;;;
BB;RM;6;2;238;2;7;;;;;;;;;;;;
BB;RM;6;2;238;2;7;;;;;;;;;;;;
AFD;RM;2;2;238;2;7;;;;;;;;;;;;
SPD;RM;1;1;238;2;7;;;;;;;;;;;;
MASZ;RM;6;99;238;2;7;;;;;;;;;;;;
SPD;RM;1;1;238;2;7;;;;;;;;;;;;
SPD;RM;1;1;238;2;7;;;;;;;;;;;;
SPD;RM;1;1;238;2;7;;;;;;;;;;;;
SPD;RM;1;1;238;2;7;;;;;;;;;;;;
CDU;RM;1;1;238;2;7;;;;;;;;;;;;
FDP;RM;1;1;238;2;7;;;;;;;;;;;;
GRUENE;RM;1;1;238;2;7;;;;;;;;;;;;
AFD;RM;7;2;238;2;15;;;;;;;;;;;;
SPD;RM;1;1;238;2;7;;;;;;;;;;;;
SPD;RM;1;1;238;2;3;;;;;;;;;;;;
APH;RM;2;2;238;2;3;;;;;;;;;;;;
SPD;RM;1;1;238;2;3;;;;;;;;;;;;
AB;RM;2;2;238;2;3;;;;;;;;;;;;
ON;RM;2;2;238;2;2;;;;;;;;;;;;
ON;RM;2;2;238;2;7;;;;;;;;;;;;
SPD;RM;1;1;238;2;3;;;;;;;;;;;;
CDU;RM;1;1;238;2;3;;;;;;;;;;;;
JT;RM;3;2;238;2;3;;;;;;;;;;;;
SPD;RM;1;1;238;2;14;;;;;;;;;;;;
FDP;WS;1;1;238;99;99;;;;;;;;;;;;
FDP;CL;1;1;238;2;3;;;;;;;;;;;;
CDU;CL;1;1;238;2;3;;;;;;;;;;;;
FDP;CL;1;1;238;2;7;;;;;;;;;;;;
CDU;CL;1;1;238;2;7;;;;;;;;;;;;
SPD;CL;1;1;238;2;7;;;;;;;;;;;;
GRUENE;CL;1;1;238;2;7;;;;;;;;;;;;
FDP;CL;1;1;238;2;7;;;;;;;;;;;;
MF;CL;2;2;238;2;7;;;;;;;;;;;;
FDP;CL;1;1;238;2;7;;;;;;;;;;;;
FDP;CL;1;1;238;2;3;;;;;;;;;;;;
FDP;CL;1;1;238;2;3;;;;;;;;;;;;
FDP;CL;1;1;238;2;7;;;;;;;;;;;;
KD;CL;6;1;238;2;7;;;;;;;;;;;;
FDP;CL;1;1;238;2;7;;;;;;;;;;;;
GRUENE;CL;1;1;238;2;7;;;;;;;;;;;;
FDP;CL;1;1;238;2;7;;;;;;;;;;;;
AFD;CL;2;2;238;2;7;;;;;;;;;;;;
FDP;CL;1;1;238;2;7;;;;;;;;;;;;
FDP;CL;1;1;238;2;7;;;;;;;;;;;;
FDP;CL;1;1;238;2;7;;;;;;;;;;;;
CDU;CL;1;1;238;2;7;;;;;;;;;;;;
SPD;CL;1;1;238;2;7;;;;;;;;;;;;
FDP;CL;1;1;238;2;7;;;;;;;;;;;;
CDU;CL;1;1;238;2;7;;;;;;;;;;;;
FDP;CL;1;1;238;2;7;;;;;;;;;;;;
CDU;CL;1;1;238;2;7;;;;;;;;;;;;
SE;CL;3;2;238;2;7;;;;;;;;;;;;
LINKEN;CL;2;2;238;1;7;;;;;;;;;;;;
FDP;CL;1;1;238;2;16;;;;;;;;;;;;
CDU;CL;1;1;238;2;16;;;;;;;;;;;;
AD;CL;6;1;238;2;16;;;;;;;;;;;;
FDP;CL;1;1;238;2;7;;;;;;;;;;;;
CDU;CL;1;1;238;2;7;;;;;;;;;;;;
JK;CL;6;2;238;2;7;;;;;;;;;;;;
AD;SPD;6;2;238;2;16;;;;;;;;;;;;
AD;GRUENE;6;2;238;2;16;;;;;;;;;;;;
CDU;WS;1;1;238;99;99;;;;;;;;;;;;
CDU;JDW;1;1;238;2;7;;;;;;;;;;;;
SPD;JDW;1;1;238;2;7;;;;;;;;;;;;
GRUENE;JDW;1;1;238;2;7;;;;;;;;;;;;
AFD;JDW;2;2;238;2;7;;;;;;;;;;;;
AG;JDW;6;2;238;2;7;;;;;;;;;;;;
CDU;JDW;1;1;238;2;7;;;;;;;;;;;;
SPD;JDW;1;1;238;2;7;;;;;;;;;;;;
GRUENE;JDW;1;1;238;2;7;;;;;;;;;;;;
BB;JDW;6;2;238;2;7;;;;;;;;;;;;
UN;JDW;2;2;238;2;7;;;;;;;;;;;;
CDU;JDW;1;1;238;2;7;;;;;;;;;;;;
SPD;JDW;1;1;238;2;7;;;;;;;;;;;;
GRUENE;JDW;1;1;238;2;7;;;;;;;;;;;;
AG;JDW;6;2;238;2;7;;;;;;;;;;;;
CDU;JDW;1;1;238;2;7;;;;;;;;;;;;
SPD;JDW;1;1;238;2;7;;;;;;;;;;;;
MASZ;JDW;6;2;238;2;7;;;;;;;;;;;;
MASZ;JDW;6;2;238;2;7;;;;;;;;;;;;
CDU;JDW;1;1;238;2;7;;;;;;;;;;;;
AFD;JDW;2;2;238;2;7;;;;;;;;;;;;
LINKE;JDW;2;2;238;2;7;;;;;;;;;;;;
CDU;JDW;1;1;238;2;7;;;;;;;;;;;;
FDP;JDW;1;1;238;2;7;;;;;;;;;;;;
US;JDW;1;1;238;2;7;;;;;;;;;;;;
JK;JDW;2;2;238;2;7;;;;;;;;;;;;
LINKE;JDW;2;2;238;2;7;;;;;;;;;;;;
JK;JDW;2;2;238;2;7;;;;;;;;;;;;
CDU;JDW;1;1;238;2;7;;;;;;;;;;;;
CS;JDW;6;2;238;2;16;;;;;;;;;;;;
KGE;JDW;2;2;238;2;7;;;;;;;;;;;;
CDU;JDW;1;1;238;2;7;;;;;;;;;;;;
AOE;JDW;1;1;238;2;7;;;;;;;;;;;;
GL;JDW;6;2;238;2;7;;;;;;;;;;;;
CDU;JDW;1;1;238;2;7;;;;;;;;;;;;
LINKE;JDW;2;2;238;2;7;;;;;;;;;;;;
CDU;JDW;1;1;238;2;7;;;;;;;;;;;;
FDP;JDW;1;1;238;2;7;;;;;;;;;;;;
LINKE;JDW;2;2;238;2;7;;;;;;;;;;;;
CDU;JDW;1;1;238;2;14;;;;;;;;;;;;
AG;JDW;6;2;238;2;14;;;;;;;;;;;;
LINKE;WS;1;1;238;99;99;;;;;;;;;;;;
LINKE;DB;1;1;238;2;7;;;;;;;;;;;;
PBY;DB;1;1;238;2;7;;;;;;;;;;;;
LINKE;DB;1;1;238;2;15;;;;;;;;;;;;
GRUENE;DB;1;1;238;2;15;;;;;;;;;;;;
LINKE;DB;1;1;238;2;7;;;;;;;;;;;;
JK;DB;6;2;238;2;7;;;;;;;;;;;;
LINKE;DB;1;1;238;2;7;;;;;;;;;;;;
LINKE;DB;1;1;238;2;3;;;;;;;;;;;;
GRUENE;DB;1;1;238;2;3;;;;;;;;;;;;
AG;FDP;6;2;238;1;3;;;;;;;;;;;;
CL;AG;3;2;238;1;3;;;;;;;;;;;;
AG;CL;7;2;238;2;3;;;;;;;;;;;;
AGL;DB;6;2;238;2;3;;;;;;;;;;;;
LINKE;DB;1;1;238;2;7;;;;;;;;;;;;
GRUENE;DB;1;1;238;2;7;;;;;;;;;;;;
LINKE;DB;1;1;238;2;7;;;;;;;;;;;;
LINKE;DB;1;1;238;2;7;;;;;;;;;;;;
GRUENE;DB;1;1;238;2;7;;;;;;;;;;;;
LINKE;DB;1;1;238;2;7;;;;;;;;;;;;
MASZ;DB;2;2;238;2;7;;;;;;;;;;;;
AGL;DB;6;3;238;2;7;;;;;;;;;;;;
LINKE;DB;1;1;238;2;7;;;;;;;;;;;;
LINKE;DB;1;1;238;2;7;;;;;;;;;;;;
LINKE;DB;1;1;238;2;7;;;;;;;;;;;;
AGL;DB;6;1;238;2;7;;;;;;;;;;;;
MASZ;DB;3;2;238;2;7;;;;;;;;;;;;
FDP;DB;2;2;238;2;7;;;;;;;;;;;;
LINKE;DB;1;1;238;2;7;;;;;;;;;;;;
RB;DB;2;2;238;2;7;;;;;;;;;;;;
JDW;DB;2;2;238;2;7;;;;;;;;;;;;
LINKE;DB;1;1;238;2;14;;;;;;;;;;;;
GRUENE;WS;1;1;238;99;99;;;;;;;;;;;;
MR;AB;2;2;238;2;7;;;;;;;;;;;;
GRUENE;AB;1;1;238;2;7;;;;;;;;;;;;
GRUENE;AB;1;1;238;2;7;;;;;;;;;;;;
GRUENE;AB;1;1;238;2;3;;;;;;;;;;;;
LINKE;AB;1;1;238;2;3;;;;;;;;;;;;
MASZ;AB;2;2;238;2;7;;;;;;;;;;;;
GRUENE;AB;1;1;238;2;3;;;;;;;;;;;;
LINKE;AB;1;1;238;2;3;;;;;;;;;;;;
GRUENE;AB;1;1;238;2;7;;;;;;;;;;;;
GRUENE;AB;1;1;238;2;7;;;;;;;;;;;;
DB;AB;1;1;238;2;7;;;;;;;;;;;;
LINKE;AB;2;2;238;2;3;;;;;;;;;;;;
GRUENE;AB;1;1;238;2;3;;;;;;;;;;;;
ZN;AB;2;2;238;2;3;;;;;;;;;;;;
GRUENE;AB;1;1;238;2;3;;;;;;;;;;;;
CS;AB;6;3;238;2;3;;;;;;;;;;;;
GRUENE;AB;1;1;238;2;3;;;;;;;;;;;;
FDP;AB;1;1;238;2;3;;;;;;;;;;;;
LINKE;AB;1;1;238;2;3;;;;;;;;;;;;
GRUENE;AB;1;1;238;2;3;;;;;;;;;;;;
LINKE;AB;1;1;238;2;3;;;;;;;;;;;;
CS;AB;6;2;238;2;3;;;;;;;;;;;;
CS;AB;6;2;238;2;3;;;;;;;;;;;;
GRUENE;AB;1;1;238;2;3;;;;;;;;;;;;
CS;AB;2;2;238;2;3;;;;;;;;;;;;
SPD;AB;62;2;238;1;3;;;;;;;;;;;;
CS;AB;6;2;238;2;15;;;;;;;;;;;;
CP;AB;6;2;238;2;15;;;;;;;;;;;;
CS;AB;6;2;238;2;15;;;;;;;;;;;;
GRUENE;AB;1;1;238;2;7;;;;;;;;;;;;
CS;AB;6;3;238;2;7;;;;;;;;;;;;
GRUENE;AB;1;1;238;2;7;;;;;;;;;;;;
GRUENE;AB;1;1;238;2;15;;;;;;;;;;;;
MR;AB;2;2;238;2;3;;;;;;;;;;;;
GRUENE;AB;1;1;238;2;3;;;;;;;;;;;;
WS;AB;6;3;238;2;15;;;;;;;;;;;;
GRUENE;AB;1;1;238;2;14;;;;;;;;;;;;
SPD;WS;1;1;238;99;99;;;;;;;;;;;;
SPD;GH;1;1;238;2;3;;;;;;;;;;;;
CDU;GH;1;1;238;2;3;;;;;;;;;;;;
UW;GH;6;2;238;2;7;;;;;;;;;;;;
SPD;GH;1;1;238;2;3;;;;;;;;;;;;
SPD;GH;1;1;238;2;14;;;;;;;;;;;;
AFD;WS;1;1;238;99;99;;;;;;;;;;;;
AFD;RL;1;1;238;2;7;;;;;;;;;;;;
AFD;RL;1;1;238;2;7;;;;;;;;;;;;
AFD;RL;1;1;238;2;7;;;;;;;;;;;;
AGL;RL;6;2;238;2;3;;;;;;;;;;;;
HO;RL;6;2;238;2;3;;;;;;;;;;;;
AFD;RL;1;1;238;2;14;;;;;;;;;;;;
AÖ;RL;6;2;238;2;15;;;;;;;;;;;;
CDU;WS;1;1;238;99;99;;;;;;;;;;;;
ON;JH;2;3;238;2;15;;;;;;;;;;;;
BH;JH;2;2;238;2;15;;;;;;;;;;;;
UTH;JH;2;2;238;1;15;;;;;;;;;;;;
BH;JH;2;2;238;1;15;;;;;;;;;;;;
FDP;AB;3;2;238;1;15;;;;;;;;;;;;
GRÜNE;AB;1;1;238;2;15;;;;;;;;;;;;
BH;JH;2;2;238;2;15;;;;;;;;;;;;
BH;JH;3;2;238;2;15;;;;;;;;;;;;
CDU;JH;1;1;238;2;15;;;;;;;;;;;;
BH;JH;3;2;238;1;15;;;;;;;;;;;;
JT;JH;2;2;238;1;15;;;;;;;;;;;;
BH;JH;7;2;238;1;15;;;;;;;;;;;;
GRUENE;BH;1;1;238;2;15;;;;;;;;;;;;
LINKE;BH;1;1;238;2;15;;;;;;;;;;;;
MGB;BH;3;2;238;2;15;;;;;;;;;;;;
MASZ;BH;2;2;238;2;15;;;;;;;;;;;;
GRUENE;BH;1;1;238;2;15;;;;;;;;;;;;
LINKE;BH;1;1;238;2;15;;;;;;;;;;;;
GRUENE;JH;2;2;238;2;15;;;;;;;;;;;;
BH;JH;5;3;238;2;15;;;;;;;;;;;;
HO;JH;2;1;238;2;15;;;;;;;;;;;;
CDU;JH;1;1;238;2;3;;;;;;;;;;;;
SPD;JH;1;1;238;2;3;;;;;;;;;;;;
APH;JH;3;2;238;2;3;;;;;;;;;;;;
AG;JH;3;2;238;2;3;;;;;;;;;;;;
MASZ;JH;4;3;238;2;3;;;;;;;;;;;;
BB;JH;2;2;238;2;3;;;;;;;;;;;;
BB;JH;2;2;238;2;3;;;;;;;;;;;;
BB;JH;2;2;238;2;3;;;;;;;;;;;;
APH;JH;2;2;238;2;3;;;;;;;;;;;;
SPD;AH;1;1;238;2;12;;;;;;;;;;;;
CDU;AH;1;1;238;2;12;;;;;;;;;;;;
FDP;AH;1;1;238;2;12;;;;;;;;;;;;
SPD;AH;1;1;238;2;12;;;;;;;;;;;;
CDU;AH;1;1;238;2;12;;;;;;;;;;;;
GRUENE;AH;1;1;238;2;12;;;;;;;;;;;;
GRUENE;AH;1;1;238;2;12;;;;;;;;;;;;
GRUENE;AH;1;1;238;2;12;;;;;;;;;;;;
PB;AH;2;2;238;2;12;;;;;;;;;;;;
GRUENE;AH;1;1;238;2;12;;;;;;;;;;;;
SPD;AH;3;2;238;2;12;;;;;;;;;;;;
GRUENE;AH;1;1;238;2;12;;;;;;;;;;;;
GRUENE;AH;1;1;238;2;12;;;;;;;;;;;;
CDU;AH;2;2;238;2;12;;;;;;;;;;;;
GRUENE;AH;1;1;238;2;12;;;;;;;;;;;;
CDU;AH;2;2;238;2;12;;;;;;;;;;;;
SPD;MD;1;1;238;2;12;;;;;;;;;;;;
SPD;MD;1;1;238;2;12;;;;;;;;;;;;
CDU;MD;1;1;238;2;12;;;;;;;;;;;;
LINKE;MD;1;1;238;2;12;;;;;;;;;;;;
GRUENE;MD;1;1;238;2;12;;;;;;;;;;;;
AFD;MD;1;1;238;2;12;;;;;;;;;;;;
SPD;MD;1;1;238;2;12;;;;;;;;;;;;
CDU;MD;1;1;238;2;12;;;;;;;;;;;;
LINKE;MD;1;1;238;2;12;;;;;;;;;;;;
GRUENE;MD;1;1;238;2;12;;;;;;;;;;;;
AFD;MD;1;1;238;2;12;;;;;;;;;;;;
SPD;MD;1;1;238;2;12;;;;;;;;;;;;
CDU;MD;1;1;238;2;12;;;;;;;;;;;;
SPD;MD;1;1;238;2;12;;;;;;;;;;;;
FDP;MD;1;1;238;2;12;;;;;;;;;;;;
FDP;MD;1;1;238;2;12;;;;;;;;;;;;
FDP;MD;1;1;238;2;12;;;;;;;;;;;;
CDU;MD;1;1;238;2;12;;;;;;;;;;;;
SPD;MD;1;1;238;2;12;;;;;;;;;;;;
FDP;MD;1;1;238;2;12;;;;;;;;;;;;
SPD;MD;1;1;238;2;12;;;;;;;;;;;;
CDU;MD;1;1;238;2;12;;;;;;;;;;;;
SPD;MD;1;1;238;2;12;;;;;;;;;;;;
LINKE;MD;1;1;238;2;12;;;;;;;;;;;;
AFD;PB;1;1;238;2;6;;;;;;;;;;;;
AFD;PB;1;1;238;2;6;;;;;;;;;;;;
SPD;PB;2;2;238;2;6;;;;;;;;;;;;
AFD;PB;1;1;238;2;6;;;;;;;;;;;;
AFD;PB;1;1;238;2;6;;;;;;;;;;;;
AFD;PB;1;1;238;2;6;;;;;;;;;;;;
AD;PB;2;2;238;1;6;;;;;;;;;;;;
MD;PB;2;2;238;1;6;;;;;;;;;;;;
AFD;PB;1;1;238;2;6;;;;;;;;;;;;
CDU;CH;1;1;238;2;6;;;;;;;;;;;;
CDU;CH;1;1;238;2;6;;;;;;;;;;;;
AH;CH;1;1;238;2;6;;;;;;;;;;;;
CDU;CH;1;1;238;2;6;;;;;;;;;;;;
CDU;CH;1;1;238;2;6;;;;;;;;;;;;
TH;CH;4;3;238;2;6;;;;;;;;;;;;
TH;CH;4;2;238;2;6;;;;;;;;;;;;
CDU;CH;1;1;238;2;6;;;;;;;;;;;;
FDP;OF;1;1;238;2;12;;;;;;;;;;;;
FDP;OF;1;1;238;2;12;;;;;;;;;;;;
FDP;OF;1;1;238;2;12;;;;;;;;;;;;
GRUENE;OK;1;1;238;2;12;;;;;;;;;;;;
GRUENE;OK;1;1;238;2;12;;;;;;;;;;;;
SPD;OK;1;1;238;2;12;;;;;;;;;;;;
GRUENE;OK;1;1;238;2;12;;;;;;;;;;;;
GRUENE;OK;1;1;238;2;12;;;;;;;;;;;;
SL;OK;2;1;238;2;12;;;;;;;;;;;;
GRUENE;OK;1;1;238;2;12;;;;;;;;;;;;
GRUENE;OK;1;1;238;2;12;;;;;;;;;;;;
GRUENE;OK;1;1;238;2;12;;;;;;;;;;;;
CDU;SB;1;1;238;2;6;;;;;;;;;;;;
SL;SB;2;2;238;2;6;;;;;;;;;;;;
CDU;SB;1;1;238;2;6;;;;;;;;;;;;
CDU;SB;1;1;238;2;6;;;;;;;;;;;;
OK;SB;2;2;238;1;6;;;;;;;;;;;;
CDU;SB;1;1;238;2;6;;;;;;;;;;;;
FDP;SB;1;1;238;2;6;;;;;;;;;;;;
SL;SB;2;2;238;1;6;;;;;;;;;;;;
FDP;LK;1;1;238;2;12;;;;;;;;;;;;
FDP;LK;1;1;238;2;12;;;;;;;;;;;;
TL;LK;2;2;238;2;12;;;;;;;;;;;;
FDP;LK;1;1;238;2;12;;;;;;;;;;;;
FDP;LK;1;1;238;2;12;;;;;;;;;;;;
SPD;SH;1;1;238;2;6;;;;;;;;;;;;
SPD;SH;1;1;238;2;6;;;;;;;;;;;;
LINKE;SH;1;1;238;2;6;;;;;;;;;;;;
SPD;SH;1;1;238;2;6;;;;;;;;;;;;
SPD;SH;1;1;238;2;6;;;;;;;;;;;;
CDU;MH;1;1;238;2;6;;;;;;;;;;;;
CDU;MH;1;1;238;2;6;;;;;;;;;;;;
SPD;MH;1;1;238;2;6;;;;;;;;;;;;
FDP;MH;1;1;238;2;6;;;;;;;;;;;;
LINKE;MH;1;1;238;2;6;;;;;;;;;;;;
GRUENE;MH;1;1;238;2;6;;;;;;;;;;;;
FG;MH;1;1;238;2;6;;;;;;;;;;;;
CDU;MH;1;1;238;2;6;;;;;;;;;;;;
CDU;MH;1;1;238;2;6;;;;;;;;;;;;
SPD;MH;1;1;238;2;6;;;;;;;;;;;;
FG;MH;1;1;238;2;6;;;;;;;;;;;;
CDU;MH;1;1;238;2;6;;;;;;;;;;;;
SPD;MH;1;1;238;2;6;;;;;;;;;;;;
LK;MH;1;1;238;2;6;;;;;;;;;;;;
CDU;MH;1;1;238;2;6;;;;;;;;;;;;
CDU;MH;1;1;238;2;6;;;;;;;;;;;;
JW;MH;2;2;238;1;6;;;;;;;;;;;;
MS;JW;7;2;238;2;6;;;;;;;;;;;;
CDU;MH;1;1;238;2;6;;;;;;;;;;;;
JW;MH;2;2;238;1;6;;;;;;;;;;;;
SL;MH;2;2;238;1;6;;;;;;;;;;;;
JW;MH;2;2;238;1;6;;;;;;;;;;;;
SPD;MH;2;2;238;1;6;;;;;;;;;;;;
SL;MH;2;2;238;1;6;;;;;;;;;;;;
CDU;MH;1;1;238;2;6;;;;;;;;;;;;
SL;MH;2;2;238;1;6;;;;;;;;;;;;
CDU;MH;1;1;238;2;6;;;;;;;;;;;;
JW;MH;2;2;238;1;14;;;;;;;;;;;;
TC;JW;7;3;238;1;14;;;;;;;;;;;;
CDU;DS;1;1;238;2;6;;;;;;;;;;;;
CDU;DS;1;1;238;2;6;;;;;;;;;;;;
SPD;DS;1;1;238;2;6;;;;;;;;;;;;
LINKE;DS;1;1;238;2;6;;;;;;;;;;;;
GRUENE;DS;1;1;238;2;6;;;;;;;;;;;;
CDU;DS;1;1;238;2;14;;;;;;;;;;;;
CDU;AD;1;1;238;2;10;;;;;;;;;;;;
CDU;AD;1;1;238;2;10;;;;;;;;;;;;
CDU;AD;1;1;238;2;10;;;;;;;;;;;;
CDU;AD;1;1;238;2;10;;;;;;;;;;;;
MR;AD;2;2;238;2;10;;;;;;;;;;;;
SB;AD;2;2;238;2;10;;;;;;;;;;;;
AFD;AD;2;2;238;1;10;;;;;;;;;;;;
MR;AD;2;2;238;2;10;;;;;;;;;;;;
AW;AD;2;2;238;2;10;;;;;;;;;;;;
AFD;AD;2;2;238;2;10;;;;;;;;;;;;
CDU;AD;1;1;238;2;10;;;;;;;;;;;;
KV;AD;4;3;238;1;10;;;;;;;;;;;;
CDU;AD;1;1;238;2;10;;;;;;;;;;;;
WS;AD;4;3;238;1;10;;;;;;;;;;;;
CDU;AD;1;1;238;2;10;;;;;;;;;;;;
CDU;AD;1;1;238;2;14;;;;;;;;;;;;
AFD;TC;1;1;238;2;10;;;;;;;;;;;;
SPD;TC;2;2;238;2;10;;;;;;;;;;;;
SB;TC;2;2;238;2;10;;;;;;;;;;;;
SB;TC;2;2;238;2;10;;;;;;;;;;;;
SPD;TC;2;2;238;2;10;;;;;;;;;;;;
AFD;TC;1;1;238;2;10;;;;;;;;;;;;
AFD;TC;1;1;238;2;10;;;;;;;;;;;;
SL;TC;2;2;238;2;10;;;;;;;;;;;;
LINKE;TC;2;2;238;2;10;;;;;;;;;;;;
AFD;TC;1;1;238;2;10;;;;;;;;;;;;
UN;TC;2;2;238;2;10;;;;;;;;;;;;
AFD;TC;1;1;238;2;10;;;;;;;;;;;;
AK;TC;3;3;238;2;10;;;;;;;;;;;;
UN;TC;2;2;238;2;10;;;;;;;;;;;;
UN;TC;2;2;238;2;10;;;;;;;;;;;;
AFD;TC;1;1;238;2;10;;;;;;;;;;;;
SPD;TC;2;2;238;2;10;;;;;;;;;;;;
LINKE;TC;2;2;238;2;10;;;;;;;;;;;;
AK;TC;3;2;238;2;10;;;;;;;;;;;;
SPD;TC;2;2;238;2;10;;;;;;;;;;;;
AK;TC;3;2;238;2;10;;;;;;;;;;;;
AK;TC;3;2;238;2;10;;;;;;;;;;;;
AFD;TC;1;1;238;2;10;;;;;;;;;;;;
AD;TC;3;2;238;2;10;;;;;;;;;;;;
CDU;TC;2;2;238;2;10;;;;;;;;;;;;
AFD;TC;1;1;238;2;14;;;;;;;;;;;;
SPD;BB;1;1;238;2;10;;;;;;;;;;;;
HW;BB;2;2;238;2;10;;;;;;;;;;;;
AFD;BB;2;2;238;2;10;;;;;;;;;;;;
HW;BB;2;2;238;2;10;;;;;;;;;;;;
AK;BB;2;2;238;2;10;;;;;;;;;;;;
SPD;BB;1;1;238;2;10;;;;;;;;;;;;
HW;BB;2;2;238;2;10;;;;;;;;;;;;
GF;BB;2;2;238;2;10;;;;;;;;;;;;
SPD;BB;1;1;238;2;14;;;;;;;;;;;;
FDP;CAD;1;1;238;2;10;;;;;;;;;;;;
FDP;CAD;1;1;238;2;10;;;;;;;;;;;;
FDP;CAD;1;1;238;2;10;;;;;;;;;;;;
AK;CAD;2;2;238;2;10;;;;;;;;;;;;
FDP;CAD;1;1;238;2;10;;;;;;;;;;;;
FDP;CAD;1;1;238;2;10;;;;;;;;;;;;
FDP;CAD;1;1;238;2;10;;;;;;;;;;;;
FDP;CAD;1;1;238;2;10;;;;;;;;;;;;
AFD;CAD;1;1;238;2;10;;;;;;;;;;;;
FDP;CAD;1;1;238;2;10;;;;;;;;;;;;
SPD;CAD;2;2;238;2;10;;;;;;;;;;;;
FDP;CAD;1;1;238;2;14;;;;;;;;;;;;
LINKE;JK;1;1;238;2;10;;;;;;;;;;;;
LINKE;JK;1;1;238;2;10;;;;;;;;;;;;
FDP;JK;1;1;238;2;10;;;;;;;;;;;;
LINKE;JK;1;1;238;2;10;;;;;;;;;;;;
FDP;JK;1;1;238;2;10;;;;;;;;;;;;
LINKE;JK;1;1;238;2;10;;;;;;;;;;;;
LINKE;JK;1;1;238;2;10;;;;;;;;;;;;
JS;JK;4;3;238;2;10;;;;;;;;;;;;
LINKE;JK;1;1;238;2;10;;;;;;;;;;;;
FDP;JK;1;1;238;2;10;;;;;;;;;;;;
LINKE;JK;1;1;238;2;2;;;;;;;;;;;;
FDP;JK;1;1;238;2;2;;;;;;;;;;;;
LINKE;JK;1;1;238;2;2;;;;;;;;;;;;
LINKE;JK;1;1;238;2;2;;;;;;;;;;;;
MR;JK;1;1;238;2;2;;;;;;;;;;;;
LINKE;JK;1;1;238;2;2;;;;;;;;;;;;
FDP;JK;1;1;238;2;2;;;;;;;;;;;;
AW;JK;1;1;238;2;2;;;;;;;;;;;;
LINKE;JK;1;1;238;2;2;;;;;;;;;;;;
DD;JK;2;1;238;2;2;;;;;;;;;;;;
LINKE;JK;1;1;238;2;2;;;;;;;;;;;;
LINKE;JK;1;1;238;2;2;;;;;;;;;;;;
LINKE;JK;1;1;238;2;2;;;;;;;;;;;;
MG;JK;2;2;238;1;2;;;;;;;;;;;;
RL;JK;2;2;238;1;2;;;;;;;;;;;;
LINKE;JK;1;1;238;2;2;;;;;;;;;;;;
SB;JK;2;3;238;2;2;;;;;;;;;;;;
AW;JK;2;3;238;2;2;;;;;;;;;;;;
AFD;JK;8;2;238;2;2;;;;;;;;;;;;
LINKE;JK;1;1;238;2;2;;;;;;;;;;;;
AW;JK;2;3;238;2;2;;;;;;;;;;;;
SB;JK;2;2;238;2;2;;;;;;;;;;;;
AW;JK;2;1;238;2;2;;;;;;;;;;;;
LINKE;JK;1;1;238;2;2;;;;;;;;;;;;
LINKE;JK;1;1;238;2;2;;;;;;;;;;;;
MG;DW;1;1;238;2;2;;;;;;;;;;;;
JML;DW;2;3;238;2;2;;;;;;;;;;;;
SPD;DW;1;1;238;2;2;;;;;;;;;;;;
MG;DW;1;1;238;2;2;;;;;;;;;;;;
LINKE;DW;2;3;238;2;2;;;;;;;;;;;;
LINKE;JK;1;1;238;2;2;;;;;;;;;;;;
CDU;JK;8;3;238;2;2;;;;;;;;;;;;
SB;JK;2;2;238;2;2;;;;;;;;;;;;
MG;JK;2;3;238;2;2;;;;;;;;;;;;
LINKE;JK;1;1;238;2;2;;;;;;;;;;;;
GK;JK;2;2;238;2;2;;;;;;;;;;;;
DW;JK;6;3;238;2;2;;;;;;;;;;;;
LINKE;JK;1;1;238;2;2;;;;;;;;;;;;
AK;JK;2;3;238;2;2;;;;;;;;;;;;
GK;JK;2;3;238;2;2;;;;;;;;;;;;
MG;JK;2;3;238;2;2;;;;;;;;;;;;
AK;JK;2;3;238;2;2;;;;;;;;;;;;
LINKE;JK;1;1;238;2;2;;;;;;;;;;;;
GRUENE;JK;1;1;238;2;2;;;;;;;;;;;;
CDU;WS;1;1;238;2;2;;;;;;;;;;;;
FDP;WS;1;1;238;2;2;;;;;;;;;;;;
LINKE;JK;1;1;238;2;2;;;;;;;;;;;;
HB;JK;1;1;238;2;2;;;;;;;;;;;;
AK;JK;2;2;238;2;2;;;;;;;;;;;;
LINKE;JK;1;1;238;2;2;;;;;;;;;;;;
LINKE;JK;1;1;238;2;2;;;;;;;;;;;;
GRUENE;JK;1;1;238;2;2;;;;;;;;;;;;
LINKE;JK;1;1;238;2;2;;;;;;;;;;;;
LINKE;JK;1;1;238;2;2;;;;;;;;;;;;
DA;JK;1;1;238;2;2;;;;;;;;;;;;
LINKE;JK;1;1;238;2;2;;;;;;;;;;;;
KV;JK;1;1;238;2;2;;;;;;;;;;;;
LINKE;JK;1;1;238;2;2;;;;;;;;;;;;
GK;JK;2;3;238;2;2;;;;;;;;;;;;
GRUENE;WS;1;1;238;2;2;;;;;;;;;;;;
GRUENE;MR;1;1;238;2;2;;;;;;;;;;;;
CDU;MR;1;1;238;2;2;;;;;;;;;;;;
GRUENE;MR;1;1;238;2;2;;;;;;;;;;;;
AU;MR;1;1;238;2;2;;;;;;;;;;;;
AK;MR;2;3;238;2;2;;;;;;;;;;;;
GRUENE;MR;1;1;238;2;2;;;;;;;;;;;;
GK;MR;2;3;238;2;2;;;;;;;;;;;;
GK;MR;2;3;238;2;2;;;;;;;;;;;;
GRUENE;MR;1;1;238;2;2;;;;;;;;;;;;
JML;MR;2;3;238;2;2;;;;;;;;;;;;
GRUENE;MR;1;1;238;2;2;;;;;;;;;;;;
LINKE;MR;1;1;238;2;2;;;;;;;;;;;;
PS;MR;2;3;238;2;2;;;;;;;;;;;;
GRUENE;MR;1;1;238;2;2;;;;;;;;;;;;
AK;MR;2;3;238;2;2;;;;;;;;;;;;
GRUENE;MR;1;1;238;2;2;;;;;;;;;;;;
JK;MR;2;1;238;2;2;;;;;;;;;;;;
GRUENE;MR;1;1;238;2;2;;;;;;;;;;;;
LINKE;MR;1;1;238;2;2;;;;;;;;;;;;
CDU;WS;1;1;238;2;2;;;;;;;;;;;;
CDU;JS;1;1;238;2;10;;;;;;;;;;;;
SPD;JS;1;1;238;2;10;;;;;;;;;;;;
CAD;JS;1;1;238;2;10;;;;;;;;;;;;
CDU;JS;8;1;238;2;10;;;;;;;;;;;;
SB;JS;2;2;238;2;10;;;;;;;;;;;;
CDU;JS;1;1;238;2;10;;;;;;;;;;;;
SPD;JS;1;1;238;2;10;;;;;;;;;;;;
FDP;JS;1;1;238;2;10;;;;;;;;;;;;
DB;JS;1;1;238;2;10;;;;;;;;;;;;
CDU;JS;1;1;238;2;10;;;;;;;;;;;;
SPD;JS;1;1;238;2;10;;;;;;;;;;;;
FDP;JS;1;1;238;2;10;;;;;;;;;;;;
GRUENE;JS;1;1;238;2;10;;;;;;;;;;;;
LINKE;JS;1;1;238;2;10;;;;;;;;;;;;
TC;JS;2;2;238;2;10;;;;;;;;;;;;
SB;JS;2;3;238;2;10;;;;;;;;;;;;
CDU;JS;1;1;238;2;10;;;;;;;;;;;;
SPD;JS;1;1;238;2;10;;;;;;;;;;;;
AFD;JS;2;3;238;2;10;;;;;;;;;;;;
TC;JS;2;2;238;2;10;;;;;;;;;;;;
AFD;JS;2;3;238;2;10;;;;;;;;;;;;
CDU;JS;1;1;238;2;10;;;;;;;;;;;;
SPD;JS;1;1;238;2;10;;;;;;;;;;;;
AFD;JS;2;3;238;2;10;;;;;;;;;;;;
FDP;JS;1;1;238;2;10;;;;;;;;;;;;
CDU;DD;8;3;238;2;10;;;;;;;;;;;;
SPD;DD;8;3;238;2;10;;;;;;;;;;;;
GRUENE;DD;8;3;238;2;10;;;;;;;;;;;;
MG;DD;2;3;238;2;10;;;;;;;;;;;;
GK;DD;2;3;238;2;10;;;;;;;;;;;;
DD;JS;2;2;238;1;10;;;;;;;;;;;;
AFD;JS;8;2;238;2;10;;;;;;;;;;;;
CDU;JS;1;1;238;2;10;;;;;;;;;;;;
SPD;JS;1;1;238;2;10;;;;;;;;;;;;
FDP;JS;1;1;238;2;10;;;;;;;;;;;;
GRUENE;JS;1;1;238;2;10;;;;;;;;;;;;
DD;JS;2;2;238;2;10;;;;;;;;;;;;
DD;JS;2;2;238;2;10;;;;;;;;;;;;
MG;JS;2;1;238;2;10;;;;;;;;;;;;
CDU;JS;1;1;238;2;10;;;;;;;;;;;;
SPD;JS;1;1;238;2;10;;;;;;;;;;;;
FDP;JS;1;1;238;2;10;;;;;;;;;;;;
GRUENE;JS;1;1;238;2;10;;;;;;;;;;;;
CDU;WS;3;2;238;2;10;;;;;;;;;;;;
SPD;WS;3;2;238;2;10;;;;;;;;;;;;
GRUENE;WS;3;2;238;2;10;;;;;;;;;;;;
GK;MS;2;2;238;2;10;;;;;;;;;;;;
MS;JS;2;2;238;2;10;;;;;;;;;;;;
CDU;JS;1;1;238;2;10;;;;;;;;;;;;
SPD;JS;1;1;238;2;10;;;;;;;;;;;;
FDP;JS;1;1;238;2;10;;;;;;;;;;;;
GRUENE;JS;1;1;238;2;10;;;;;;;;;;;;
MS;JS;8;3;238;2;10;;;;;;;;;;;;
CDU;JS;1;1;238;2;10;;;;;;;;;;;;
UTH;JS;2;3;238;2;10;;;;;;;;;;;;
SL;JS;4;3;238;1;10;;;;;;;;;;;;
SL;JS;2;2;238;2;10;;;;;;;;;;;;
SL;JS;2;2;238;2;10;;;;;;;;;;;;
MR;JS;2;2;238;2;10;;;;;;;;;;;;
MR;JS;2;2;238;2;10;;;;;;;;;;;;
MR;JS;2;2;238;2;10;;;;;;;;;;;;
CDU;JS;1;1;238;2;10;;;;;;;;;;;;
SPD;JS;1;1;238;2;10;;;;;;;;;;;;
AFD;JS;8;2;238;2;10;;;;;;;;;;;;
SL;JS;2;3;238;2;10;;;;;;;;;;;;
JK;JS;2;3;238;2;10;;;;;;;;;;;;
AFD;JS;2;3;238;2;20;;;;;;;;;;;;
SL;JS;2;3;238;2;10;;;;;;;;;;;;
CDU;JS;1;1;238;2;10;;;;;;;;;;;;
HB;JS;1;1;238;2;10;;;;;;;;;;;;
AFD;WS;1;1;238;2;10;;;;;;;;;;;;
AFD;DS;1;1;238;2;10;;;;;;;;;;;;
AFD;DS;1;1;238;2;10;;;;;;;;;;;;
AFD;DS;1;1;238;2;10;;;;;;;;;;;;
AFD;DS;1;1;238;2;10;;;;;;;;;;;;
SPD;WS;1;1;238;2;10;;;;;;;;;;;;
CAD;DW;2;2;238;2;10;;;;;;;;;;;;
MR;DW;2;3;238;2;10;;;;;;;;;;;;
SPD;DW;1;1;238;2;10;;;;;;;;;;;;
JK;DW;2;2;238;2;10;;;;;;;;;;;;
AMA;DW;2;2;238;2;10;;;;;;;;;;;;
SPD;DW;1;1;238;2;10;;;;;;;;;;;;
SF;DW;2;3;238;2;10;;;;;;;;;;;;
PS;DW;2;3;238;2;10;;;;;;;;;;;;
SPD;DW;1;1;238;2;10;;;;;;;;;;;;
MR;DW;2;3;238;2;10;;;;;;;;;;;;
TL;DW;2;2;238;2;10;;;;;;;;;;;;
SPD;DW;1;1;238;2;10;;;;;;;;;;;;
FDP;PP;1;1;238;2;10;;;;;;;;;;;;
FDP;ST;1;1;238;2;10;;;;;;;;;;;;
FDP;ST;1;1;238;2;10;;;;;;;;;;;;
FDP;ST;1;1;238;2;10;;;;;;;;;;;;
LINKE;ST;1;1;238;2;10;;;;;;;;;;;;
FDP;ST;1;1;238;2;10;;;;;;;;;;;;
LINKE;ST;1;1;238;2;10;;;;;;;;;;;;
TL;ST;2;1;238;2;10;;;;;;;;;;;;
GRUENE;PP;1;1;238;2;10;;;;;;;;;;;;
GRUENE;JD;1;1;238;2;10;;;;;;;;;;;;
GRUENE;JD;1;1;238;2;10;;;;;;;;;;;;
GRUENE;JD;1;1;238;2;10;;;;;;;;;;;;
FDP;JD;8;3;238;2;10;;;;;;;;;;;;
GRUENE;JD;1;1;238;2;10;;;;;;;;;;;;
GRUENE;JD;1;1;238;2;10;;;;;;;;;;;;
GRUENE;JD;1;1;238;2;10;;;;;;;;;;;;
GRUENE;JD;1;1;238;2;10;;;;;;;;;;;;
GRUENE;JD;1;1;238;2;10;;;;;;;;;;;;
GRUENE;JD;1;1;238;2;10;;;;;;;;;;;;
GRUENE;JD;1;1;238;2;10;;;;;;;;;;;;
GRUENE;JD;1;1;238;2;10;;;;;;;;;;;;
GRUENE;JD;1;1;238;2;10;;;;;;;;;;;;
CDU;PP;1;1;238;2;10;;;;;;;;;;;;
CDU;RH;1;1;238;2;10;;;;;;;;;;;;
CDU;RH;1;1;238;2;10;;;;;;;;;;;;
SPD;RH;1;1;238;2;10;;;;;;;;;;;;
AFD;PP;1;1;238;2;10;;;;;;;;;;;;
AFD;SB;1;1;238;2;10;;;;;;;;;;;;
AFD;SB;1;1;238;2;10;;;;;;;;;;;;
AFD;SB;1;1;238;2;10;;;;;;;;;;;;
CDU;SB;2;2;238;2;10;;;;;;;;;;;;
AFD;SB;1;1;238;2;10;;;;;;;;;;;;
GK ;SB;2;2;238;2;10;;;;;;;;;;;;
AFD;SB;1;1;238;2;10;;;;;;;;;;;;
SPD;SB;8;3;238;2;10;;;;;;;;;;;;
AFD;SB;1;1;238;2;10;;;;;;;;;;;;
SPD;SB;8;3;238;2;10;;;;;;;;;;;;
AFD;SB;1;1;238;2;10;;;;;;;;;;;;
GK;SB;2;2;238;2;10;;;;;;;;;;;;
SB;GK;7;2;238;1;10;;;;;;;;;;;;
GK;SB;7;2;238;1;10;;;;;;;;;;;;
SB;GK;7;2;238;1;10;;;;;;;;;;;;
SPD;SB;7;2;238;2;10;;;;;;;;;;;;
SPD;PP;1;1;238;2;10;;;;;;;;;;;;
SPD;SD;1;1;238;2;10;;;;;;;;;;;;
SPD;SD;1;1;238;2;10;;;;;;;;;;;;
GRUENE;SD;1;1;238;2;10;;;;;;;;;;;;
CAD;SD;2;3;238;2;10;;;;;;;;;;;;
SPD;SD;1;1;238;2;10;;;;;;;;;;;;
SPD;SD;1;1;238;2;10;;;;;;;;;;;;
FDP;PP;1;1;238;2;10;;;;;;;;;;;;
FDP;TS;1;1;238;2;10;;;;;;;;;;;;
FG;TS;1;1;238;2;10;;;;;;;;;;;;
FDP;TS;1;1;238;2;10;;;;;;;;;;;;
FDP;TS;1;1;238;2;10;;;;;;;;;;;;
TL;TS;1;1;238;2;10;;;;;;;;;;;;
FDP;TS;1;1;238;2;10;;;;;;;;;;;;
FDP;TS;1;1;238;2;10;;;;;;;;;;;;
FDP;TS;1;1;238;2;10;;;;;;;;;;;;
AG;TS;2;3;238;2;10;;;;;;;;;;;;
GRUENE;MR;1;1;238;2;10;;;;;;;;;;;;
SPD;MR;1;1;238;2;10;;;;;;;;;;;;
RR;TS;2;2;238;2;10;;;;;;;;;;;;
SL;TS;2;2;238;2;10;;;;;;;;;;;;
MR;TS;4;3;238;2;10;;;;;;;;;;;;
SL;TS;2;2;238;2;10;;;;;;;;;;;;
FDP;TS;1;1;238;2;10;;;;;;;;;;;;
MR;TS;4;3;238;2;10;;;;;;;;;;;;
CDU;PP;1;1;238;2;10;;;;;;;;;;;;
PS;PP;2;2;238;2;10;;;;;;;;;;;;
JD;TF;2;3;238;1;10;;;;;;;;;;;;
SL;TF;2;3;238;2;10;;;;;;;;;;;;
MR;TF;2;2;238;2;10;;;;;;;;;;;;
CDU;TF;1;1;238;2;10;;;;;;;;;;;;
CDU;TF;1;1;238;2;10;;;;;;;;;;;;
MR;TF;2;2;238;2;10;;;;;;;;;;;;
SPD;PP;1;1;238;2;10;;;;;;;;;;;;
HB;MSF;1;1;238;2;10;;;;;;;;;;;;
RH;MSF;1;1;238;2;10;;;;;;;;;;;;
SPD;MSF;1;1;238;2;10;;;;;;;;;;;;
SPD;MSF;1;1;238;2;10;;;;;;;;;;;;
GRUENE;MSF;1;1;238;2;10;;;;;;;;;;;;
SPD;MSF;1;1;238;2;10;;;;;;;;;;;;
CDU;PP;1;1;238;2;10;;;;;;;;;;;;
MR;JML;3;3;238;2;10;;;;;;;;;;;;
CDU;JML;1;1;238;2;10;;;;;;;;;;;;
SB;JML;2;2;238;2;10;;;;;;;;;;;;
LINKE;JML;2;2;238;2;10;;;;;;;;;;;;
CDU;JML;1;1;238;2;10;;;;;;;;;;;;
SPD;JML;1;1;238;2;10;;;;;;;;;;;;
SPD;PP;1;1;238;2;10;;;;;;;;;;;;
GRUENE;HB;1;1;238;2;10;;;;;;;;;;;;
SPD;HB;1;1;238;2;10;;;;;;;;;;;;
GRUENE;HB;1;1;238;2;10;;;;;;;;;;;;
GRUENE;HB;1;1;238;2;10;;;;;;;;;;;;
SPD;HB;1;1;238;2;10;;;;;;;;;;;;
GRUENE;HB;1;1;238;2;10;;;;;;;;;;;;
SPD;HB;1;1;238;2;10;;;;;;;;;;;;
MR;PP;1;1;238;2;10;;;;;;;;;;;;
;;;;;;;;;;;;;;;;;;
;;;;;;;;;;;;;;;;;;